{"cameraMode":{"drawMode":0,"name":"Shaded","section":"Shading Mode"},"sceneLighting":false,"audioPlay":false,"sceneViewState":{"showFog":true,"showMaterialUpdate":true,"showSkybox":false,"showFlares":true,"showImageEffects":true,"showParticleSystems":true,"showVisualEffectGraphs":true,"m_FxEnabled":true},"in2DMode":false,"pivot":{"x":-13.778131484985352,"y":1.2681150436401368,"z":0.07648493349552155},"rotation":{"x":0.02735801972448826,"y":0.9684651494026184,"z":-0.1312469244003296,"w":0.21214164793491364},"size":1.5016584396362305,"orthographic":false}