{"cameraMode":{"drawMode":0,"name":"Shaded","section":"Shading Mode"},"sceneLighting":false,"audioPlay":false,"sceneViewState":{"m_AlwaysRefresh":false,"showFog":true,"showSkybox":false,"showFlares":true,"showImageEffects":true,"showParticleSystems":true,"showVisualEffectGraphs":true,"m_FxEnabled":true},"in2DMode":false,"pivot":{"x":2.2470788955688478,"y":9.541525840759278,"z":16.33655548095703},"rotation":{"x":0.01091058924794197,"y":-0.9736998081207275,"z":0.22317534685134889,"w":0.04806109517812729},"size":0.8660253882408142,"orthographic":false}