{"cameraMode":{"drawMode":0,"name":"Shaded","section":"Shading Mode"},"sceneLighting":false,"audioPlay":false,"sceneViewState":{"showFog":true,"showMaterialUpdate":true,"showSkybox":false,"showFlares":true,"showImageEffects":true,"showParticleSystems":true,"showVisualEffectGraphs":true,"m_FxEnabled":true},"in2DMode":false,"pivot":{"x":-0.4316539764404297,"y":1.1477380990982056,"z":-0.28548556566238406},"rotation":{"x":-0.15503190457820893,"y":0.5961011648178101,"z":-0.11922379583120346,"w":-0.7789586186408997},"size":1.1453968286514283,"orthographic":false}